Mean,Standard Deviation,Number of Samples,Standard Error,T-Value (95% CI),Margin of Error,Lower Bound (95% CI),Upper Bound (95% CI)
14.241000000000003,0.31949439223039044,10,0.10103299790992375,2.2621571627409915,0.22855251989512962,14.012447480104873,14.469552519895133
